{
  "format_version": "1.21.40",
  "minecraft:atmosphere_settings": {
    "description": {
      "identifier": "vv_redirected:ice_plains_spikes_atmospherics"
    },
    "sky_zenith_color": {
      "0.000000": "#9FAFC4",
      "0.199685": "#9FAFC4",
      "0.352560": "#282828",
      "0.644880": "#282828",
      "0.800315": "#9FAFC4"
    },
    "sky_horizon_color": {
      "0.000000": "#9FAFC4",
      "0.167053": "#9FAFC4",
      "0.217114": "#9FAFC4",
      "0.239274": "#9FAFC4",
      "0.276382": "#886C6C",
      "0.361464": "#697281",
      "0.401799": "#53759D",
      "0.616996": "#697281",
      "0.654508": "#909BEE",
      "0.706861": "#CBBBED",
      "0.748744": "#9FAFC4",
      "0.786432": "#9FAFC4",
      "0.830049": "#9FAFC4"
    },
    "horizon_blend_stops": {
      "min": {
        "0.000000": 0.0,
        "1.000000": 0.0
      },
      "start": {
        "0.000000": 0.800000011920929,
        "0.250000": 0.5,
        "0.300912": 0.25,
        "0.750000": 0.25,
        "0.827004": 0.5,
        "1.000000": 0.800000011920929
      },
      "mie_start": {
        "0.000000": 0.5,
        "0.100000": 0.5,
        "0.200000": 1.0,
        "0.800000": 1.0,
        "0.900000": 0.5,
        "1.000000": 0.5
      },
      "max": {
        "0.000000": 0.25,
        "1.000000": 0.25
      }
    },
    "rayleigh_strength": {
      "0.000000": 5.0,
      "0.138743": 5.0,
      "0.250000": 2.5,
      "0.330402": 2.5,
      "0.640704": 2.5,
      "0.717412": 2.5,
      "0.929310": 5.0,
      "1.000000": 5.0
    },
    "sun_mie_strength": {
      "0.000000": 0.0,
      "0.200000": 0.0,
      "0.250000": 0.75,
      "0.400000": 0.0,
      "0.600000": 0.0,
      "0.750000": 0.75,
      "0.800000": 0.0,
      "1.000000": 0.0
    },
    "moon_mie_strength": {
      "0.000000": 0.0,
      "1.000000": 0.0
    },
    "sun_glare_shape": {
      "0.000000": 0.0,
      "0.200000": 0.0,
      "0.250000": 0.07377050071954727,
      "0.400000": 0.0,
      "0.600000": 0.0,
      "0.750000": 0.05000000074505806,
      "0.800000": 0.0,
      "1.000000": 0.0
    }
  }
}